{
  "hydraulic_fixed": true,
  "operator_running": true,
  "maintenance_mode": false,
  "estimated_stock_kg": 1383.8207509497772,
  "last_tick_utc": "2026-04-03T13:04:05.178432+00:00",
  "sim_phase": 13405.965319140005
}